Name,Age,Salary
Employee 300,53,37673
Employee 301,44,68237
Employee 302,26,37423
Employee 303,48,98251
Employee 304,50,90341
Employee 305,48,97412
Employee 306,35,34510
Employee 307,48,40236
Employee 308,42,97876
Employee 309,54,99352
Employee 310,51,94178
Employee 311,33,52669
Employee 312,26,32378
Employee 313,29,94266
Employee 314,57,56526
Employee 315,51,96568
Employee 316,23,87800
Employee 317,36,38670
Employee 318,41,92587
Employee 319,28,38468
Employee 320,46,73695
Employee 321,51,56733
Employee 322,47,52624
Employee 323,27,56110
Employee 324,30,68193
Employee 325,43,45047
Employee 326,46,39286
Employee 327,32,81887
Employee 328,37,79482
Employee 329,48,31891
Employee 330,39,64814
Employee 331,32,37460
Employee 332,55,45267
Employee 333,27,35022
Employee 334,52,63861
Employee 335,50,82499
Employee 336,59,81525
Employee 337,35,87642
Employee 338,31,44485
Employee 339,43,90321
Employee 340,44,44617
Employee 341,31,58394
Employee 342,49,54984
Employee 343,48,86424
Employee 344,32,51902
Employee 345,36,60749
Employee 346,33,33838
Employee 347,50,94102
Employee 348,46,31693
Employee 349,49,71022
Employee 350,40,76903
Employee 351,34,59681
Employee 352,27,89422
Employee 353,40,31579
Employee 354,26,83435
Employee 355,31,31266
Employee 356,49,79432
Employee 357,27,94655
Employee 358,49,30556
Employee 359,42,67544
Employee 360,25,76616
Employee 361,43,44603
Employee 362,54,49243
Employee 363,46,77763
Employee 364,59,52469
Employee 365,58,90689
Employee 366,32,88518
Employee 367,31,31964
Employee 368,28,85620
Employee 369,53,45353
Employee 370,53,93224
Employee 371,58,87571
Employee 372,41,53094
Employee 373,40,59114
Employee 374,36,85367
Employee 375,50,65868
Employee 376,22,56224
Employee 377,43,55374
Employee 378,35,54463
Employee 379,26,45082
Employee 380,22,73289
Employee 381,58,86264
Employee 382,41,53843
Employee 383,49,78491
Employee 384,43,89261
Employee 385,35,51020
Employee 386,46,41861
Employee 387,54,39882
Employee 388,33,33017
Employee 389,51,60031
Employee 390,49,43973
Employee 391,33,97481
Employee 392,43,62199
Employee 393,50,52278
Employee 394,55,37160
Employee 395,41,77476
Employee 396,35,57842
Employee 397,58,59499
Employee 398,40,65611
Employee 399,50,78203
